TTA	1.1743716690549313
CCT	0.8964255856173143
CTA	0.9837288088265993
GAA	0.9847029265687943
TGA	0.9038994823072408
GAC	0.9630742728504597
AAG	0.853919757033232
TTT	1.2342680494853564
GGT	0.8990883688768204
GTG	0.7633880226939267
TTC	1.268671481790598
TAA	0.9038994823072408
CTC	0.8616355639669172
CAT	0.9143006247390402
GCT	1.2042416715126838
CTG	0.6731902750776971
AAT	1.183672041713159
GTC	1.302659520940453
CAG	0.5853863849065868
CCC	0.6964401144402796
ACA	0.7240763946166726
TCA	0.9149791279115638
ACG	0.5672826730461349
TGT	1.0906024915367492
ATG	1.0514263139878732
AAA	0.9038994823072408
CAA	1.0263739660506899
CTT	0.9805150229948754
CGG	0.26620099710445133
TAG	0.9038994823072408
ATA	0.7069672845925102
TCG	0.7206265889025903
CGA	0.30066316283575284
CAC	0.986395894491695
GCC	1.2567208991249461
GAG	0.7240046004184074
CGT	0.9178349180145025
AGT	0.9599281901821016
AGC	0.7841444181655424
TCC	1.199064684153118
TAC	1.0061242103952424
GCA	0.6953723453456458
AAC	1.2432812697158155
GTA	0.9300780670888225
ACT	1.2567980508695158
GCG	0.5816836757767716
TAT	1.0715955255866445
GAT	0.9508321163861057
CCA	0.8545020448180705
GGA	0.6584016957908282
CCG	0.33068535607793365
ACC	1.1930214554812588
TGC	0.753317519483166
GGG	0.5853783677692186
GGC	0.6746461413250563
TGG	0.5468847918746307
ATC	1.2285794681574311
CGC	0.5882076971943341
TCT	1.2765588777570747
GTT	1.358542141574741
AGA	0.8368004489879652
TTG	1.1427197980334995
AGG	0.5220775120017354
ATT	1.3269075927179166
